id_no,acct,phone,user_name
440112199705136949,6217001733128289440,15623876930,张成
440103198907221569,6217001733128290490,18199487575,孙想
440112198409201246,6217001733128291540,13950015302,赵凯
440104199402188653,6217001733128292580,18064624770,郜浩
440112197204193006,6217001733128293630,13139670755,王阳
440111198704155039,6217001733128294670,15312269493,杜秀华
440111197006282757,6217001733128295720,18003126301,李丽娟
440112199205121679,6217001733128296760,18094921543,臧丽丽
440106198104088775,6217001733128297810,13592082125,王凤英
440104197901105235,6217001733128298860,13965845555,刘晶
440111199506294139,6217001733128299910,18028977935,张颖
440105199401113138,6217001733128300960,18290262800,蒲建平
440111197606299739,6217001733128302010,13025294245,刘芳
440104197704084113,6217001733128303060,13853854042,王淑英
440104198405027156,6217001733128304110,18070751217,郭玉珍
440103197007295015,6217001733128305160,15516360735,黄建华
440113199703278907,6217001733128306210,18673833551,李伟
440106200009041098,6217001733128307270,15987511218,张静
440106199407040298,6217001733128308310,15107541869,李桂荣
440112198408150889,6217001733128309360,15916331875,张丽丽
440105198704148106,6217001733128310400,15017883621,黄秀珍
440114197506161408,6217001733128311440,13585890168,张建国
440112198009055526,6217001733128312490,18065977830,张浩
440103197406229269,6217001733128313540,13391835986,李娟
440105197501241189,6217001733128314590,13579220163,萧冬梅
440112199804257703,6217001733128315630,13308140992,马玉兰
440114199602041237,6217001733128316680,18550805365,何桂香
440111199011282232,6217001733128317730,13976819142,李斌
440103198201210155,6217001733128318770,15504572789,赵鑫
440111198506262837,6217001733128319810,13169875337,杨建华
440106197506247615,6217001733128320860,13162957071,李芳
440113197710119139,6217001733128321910,13676295768,许飞
440113197103146004,6217001733128322960,13884442229,马红
440103197501278309,6217001733128324010,14590971018,王凤英
440104197202221149,6217001733128325060,13029503896,陈峰
440104199205285497,6217001733128326110,13140629913,王龙
440115199908157837,6217001733128327150,13298556725,李健
440114199004151612,6217001733128328190,18512768697,徐坤
440113198303296458,6217001733128329240,13644834158,曹欢
440106198401147807,6217001733128330280,15140380392,徐建国
440112199811047202,6217001733128331320,18613001405,马玉梅
440104198404265566,6217001733128332370,18204156358,吴利
440115197207244066,6217001733128333410,13345111427,武桂花
440105197311266908,6217001733128334460,13905683888,卢慧
440103197701143417,6217001733128335510,15510193116,赵梅
440103197509254774,6217001733128336560,15915647115,陆帅
440113199702237169,6217001733128337600,14550120270,周红
440112197811069066,6217001733128338650,18127340298,单琴
440113199808315022,6217001733128339690,18168066215,张秀华
440115199712037593,6217001733128340740,13081510671,张璐
440103197708149838,6217001733128341790,15166423281,邓红梅
440112199706141774,6217001733128342840,15942554275,陈林
440103198206151887,6217001733128343880,18229409498,许阳
440111197708222134,6217001733128344920,18091147138,国帅
440111197009239965,6217001733128345970,15373722076,郝萍
440104197208171023,6217001733128347020,13130422786,高佳
440106197307298268,6217001733128348060,13543840915,刘小红
440111198907144305,6217001733128349110,15382760750,林健
440111199508068004,6217001733128350160,18511464671,郭想
440103198501214625,6217001733128351210,15120956179,宋凯
440104199411142964,6217001733128352260,15060686618,姜平
440111198812196583,6217001733128353310,13972976795,白颖
440111197912251223,6217001733128354360,18537986039,胡畅
440105197703185234,6217001733128355400,13205967941,傅成
440104199812174887,6217001733128356440,13749084727,朱柳
440105197107112135,6217001733128357480,13763672838,申帅
440115197202296748,6217001733128358520,15111980048,高荣
440105197008186112,6217001733128359560,14528922298,郑小红
440115199006121499,6217001733128360610,15607842076,马桂兰
440104200012192193,6217001733128361660,15628955420,孟红梅
440104199501139697,6217001733128362710,13842520906,王莹
440104197009198987,6217001733128363760,15153409882,莫娟
440111197711099974,6217001733128364810,14733259821,张婷婷
440111198501231708,6217001733128365850,15369415253,张凤英
440105199506157575,6217001733128366900,18714188235,刘涛
440112197811014524,6217001733128367940,18215872655,孙瑜
440104198411058936,6217001733128368990,18011219735,张斌
440111197606027805,6217001733128370040,14506715370,何敏
440111198808039999,6217001733128371090,18244105851,高桂香
440112199401169717,6217001733128372140,15362424668,张伟
440105197309146907,6217001733128373190,14794236563,田辉
440111199606178602,6217001733128374240,15173732096,徐红
440103198410150195,6217001733128375290,13822008799,尤岩
440115198410113445,6217001733128376340,13669223187,张春梅
440111197001276462,6217001733128377390,15336034573,杨桂芝
440115199704163362,6217001733128378440,13583638159,王柳
440112199208233158,6217001733128379490,18589784998,赵雷
440111199412198779,6217001733128380530,13678692983,丁玲
440104197406195595,6217001733128381570,13833409109,尚玉兰
440105199612143505,6217001733128382610,18799331513,钟博
440111198002141185,6217001733128383660,15349790788,江桂香
440111198610290248,6217001733128384710,13946424620,郭红
440104198404036333,6217001733128385750,13253996885,任畅
440111198105017312,6217001733128386790,13450647922,张柳
440106199907308609,6217001733128387840,13222715743,姚兵
440113197911141244,6217001733128388890,18613185195,李建
440115199203139452,6217001733128389940,13041403262,张柳
440111199808317762,6217001733128390980,15527324799,曾丽华
440112199011215618,6217001733128392020,18294755175,曹雷
440105199702143509,6217001733128393060,18982418975,吴艳
440106198803190963,6217001733128394110,15704649481,季勇
440106199502144888,6217001733128395160,15708632210,赵莉
440113199205111223,6217001733128396210,13171759875,舒淑珍
440106198411024077,6217001733128397250,15281736126,陈秀华
440106197109154757,6217001733128398290,15606463572,唐丹丹
440111197712185508,6217001733128399340,15374527417,陈颖
440111197702123864,6217001733128400390,14599048785,廖海燕
440104197907012806,6217001733128401440,14751425579,王琳
440104197001270198,6217001733128402480,13762504002,李欣
440114199006243342,6217001733128403530,15383534379,李飞
440105199705071176,6217001733128404580,18735321130,刘彬
440114199906218812,6217001733128405630,13783069123,吴桂英
440114197607160252,6217001733128406680,13367258313,邓玉梅
440111197803023387,6217001733128407720,15670951459,杨瑜
440113199807101583,6217001733128408770,18787406495,薛倩
440114200005217922,6217001733128409810,13227368329,张桂芳
440103199808172436,6217001733128410860,13587151858,阳辉
440106198303063159,6217001733128411910,18012629518,姚萍
440115199809232694,6217001733128413080,18519981459,哈秀云
440111197409042133,6217001733128414150,15108009561,卢洋
440113200008249069,6217001733128415200,13649647000,王婷
440111198806307953,6217001733128416250,18122136738,黄金凤
440114199908202945,6217001733128417290,13336242516,雷利
440103198503174065,6217001733128418330,15105394708,杨兵
440104197611123064,6217001733128419380,18528048925,孙欢
440114199007092443,6217001733128420420,15336651470,张想
440113199909150685,6217001733128421460,18061396730,郝丽
440113199812021246,6217001733128422500,15888725248,郝欢
440104199405027417,6217001733128423540,13645674189,成刚
440113199011225003,6217001733128424590,13142783753,张芳
440106199708012442,6217001733128425640,13494617517,蒋红霞
440112197808086105,6217001733128426690,18654341371,王帆
440105198708190379,6217001733128427730,15217422181,陈丽娟
440114199010102569,6217001733128428770,15719305702,包淑兰
440112199312171516,6217001733128429820,13369738160,田岩
440111197210068205,6217001733128430860,15788516945,余飞
440106198407212518,6217001733128431910,13571267581,汪涛
440113199905079906,6217001733128432960,13912607742,何冬梅
440114198909033106,6217001733128434010,15139100825,鞠玉华
440103197104219532,6217001733128435060,15142758613,古琳
440114198106202164,6217001733128436100,15297351706,王凤英
440105197909090214,6217001733128437140,13374703772,童玉华
440104198403266479,6217001733128438190,15200178935,欧建国
440103200001035436,6217001733128439240,14702672605,王莹
440106199508172847,6217001733128440290,18556419109,明宁
440114198212015522,6217001733128441330,18139827159,邢芳
440113198711134036,6217001733128442380,13849713973,赵宁
440111198803299505,6217001733128443420,15873749808,常琴
440104198912086927,6217001733128444460,15906168725,戴文
440103198409203376,6217001733128445520,14737409445,周颖
440112197410122938,6217001733128446570,18681467870,王桂珍
440104199005256042,6217001733128447610,13971074482,邱婷
440112198406174086,6217001733128448650,13087764048,徐晶
440105199312305058,6217001733128449700,15138476641,谢军
440112198803083428,6217001733128450740,13010786199,姚建
440104198210046007,6217001733128451790,15914231380,伍健
440106197301244269,6217001733128452840,13464000701,王峰
440112200004132123,6217001733128453880,13222216025,刘英
440115198805116915,6217001733128454930,14567769896,杨倩
440114197305169657,6217001733128455970,14571889035,殷梅
440104199201189772,6217001733128457010,15526911808,蒙丽
440115199010014346,6217001733128458060,14726465458,邢桂珍
440111199212062498,6217001733128459100,15359610443,刘桂珍
440112199508141079,6217001733128460160,18966293717,张云
440112198707251364,6217001733128461210,15564762506,孙红梅
440114197209109849,6217001733128462260,15524984496,孟秀珍
440105197005149877,6217001733128463300,15262670482,吴俊
440115197811043279,6217001733128464340,15947352585,钟鑫
440111198812050576,6217001733128465390,13395572610,韦婷婷
440112197504201127,6217001733128466430,13417799232,饶想
440111197508139977,6217001733128467470,13276564527,朱浩
440111197107010777,6217001733128468510,15582882958,卢文
440103197806309014,6217001733128469560,14789390225,刘明
440105200012099796,6217001733128470610,15960021925,李洋
440103199305067538,6217001733128471660,14571026856,王璐
440103199112281714,6217001733128472710,13331738685,张欢
440113200005295529,6217001733128473760,13128195521,潘利
440114199510023445,6217001733128474810,13744743798,冯鹏
440115199601026373,6217001733128475860,18776834755,彭丹丹
440113200001185453,6217001733128476910,13137836593,李琴
440106198405317973,6217001733128477960,18644498100,张璐
440114198504307025,6217001733128479010,18250764567,傅婷
440106197907102783,6217001733128480060,15168993625,吴欢
440104198012285082,6217001733128481110,13911733719,郑旭
440112199808106216,6217001733128482160,13634730845,葛杨
440106197306218596,6217001733128483210,13012030009,赵冬梅
440113198210204948,6217001733128484270,13684894861,金飞
440114199301098758,6217001733128485320,14521996859,萧建军
440106197605139142,6217001733128486370,18249070236,严杰
440114198512305118,6217001733128487410,15792864300,赵博
440105198809126587,6217001733128488470,13607313242,许志强
440111197201077548,6217001733128489520,15784825117,葛强
440115198305129605,6217001733128490570,18205161047,黄平
440104198910243618,6217001733128491620,13749479785,赵强
440114198812095239,6217001733128492670,15303910502,唐洋
440106198003222082,6217001733128493720,18166674860,孙红梅
440115197811184792,6217001733128494770,13806657585,江宁
440111199702182329,6217001733128495820,13603292728,党琳
440105199101221057,6217001733128496880,13617263165,范建平
440104199305242056,6217001733128497930,18543883089,傅秀芳
440115198607126346,6217001733128498980,14777414382,周凯
